Post_ID,Content,Author,Likes,Shares,DateTime
1,This is a post by User1,User1,10,5,2023-10-21 08:30
2,Just enjoying a sunny day! â˜€ï¸,User2,3500,1200,2023-10-21 10:15
3,Traveling to beautiful places is my passion.,User3,750,300,2023-10-21 12:45
4,Foodie adventures in the city.,User4,2800,800,2023-10-21 14:20
5,New book recommendation: "The Great Adventure" ğŸ“š,User5,120,50,2023-10-21 16:10
6,Selfie time! ğŸ“¸,User6,540,160,2023-10-21 17:30
7,Throwback to a memorable vacation.,User7,980,350,2023-10-21 19:05
8,Exploring local street art. ğŸ¨,User8,430,220,2023-10-21 21:20
9,Movie night with friends. ğŸ¿ğŸ¥,User9,3200,1400,2023-10-22 08:40
10,Just finished an amazing workout. ğŸ’ª,User10,1200,800,2023-10-22 10:15
11,Coffee time! â˜•,User11,420,240,2023-10-22 12:30
12,Productive day at the office. ğŸ’¼,User12,1500,600,2023-10-22 14:10
13,Weekend vibes! ğŸ˜,User13,650,180,2023-10-22 16:25
14,DIY project in progress. ğŸ› ï¸,User14,280,90,2023-10-22 18:30
15,Happy moments with loved ones.,User15,9800,7500,2023-10-22 20:45
16,Delicious homemade dinner. ğŸ½ï¸,User16,2200,950,2023-10-23 08:10
17,Exploring the great outdoors.,User17,1650,420,2023-10-23 10:20
18,New music release: "Summer Vibes" ğŸ¶,User18,150,60,2023-10-23 12:15
19,Sunday relaxation. ğŸ˜Œ,User19,920,350,2023-10-23 14:30
20,Art gallery visit today. ğŸ–¼ï¸,User20,410,180,2023-10-23 16:40
21,Morning workout complete! ğŸ’ª,User21,750,350,2023-10-23 18:55
22,Beautiful sunset view. ğŸŒ…,User22,2100,800,2023-10-24 08:15
23,New hobby: Painting landscapes. ğŸ¨,User23,400,120,2023-10-24 10:30
24,Exploring local markets. ğŸ›ï¸,User24,1600,650,2023-10-24 12:40
25,Cozy day with a good book. ğŸ“–,User25,540,180,2023-10-24 14:55
26,Throwback to childhood memories.,User26,780,250,2023-10-24 17:05
27,Fun day at the amusement park. ğŸ¡,User27,4500,2400,2023-10-24 19:20
28,New recipe success in the kitchen. ğŸ²,User28,1100,650,2023-10-25 08:40
29,Nature hike with friends. ğŸï¸,User29,2200,980,2023-10-25 10:55
30,Listening to a live concert. ğŸ¤,User30,2700,1500,2023-10-25 12:10
31,Self-care and relaxation day.,User31,890,420,2023-10-25 14:25
32,Weekend getaway adventures.,User32,3600,1400,2023-10-25 16:40
33,New fashion collection preview. ğŸ‘—,User33,430,180,2023-10-25 18:55
34,Sunday brunch with the family. ğŸ³,User34,1350,680,2023-10-26 08:10
35,Exploring historical sites. ğŸ°,User35,3000,1200,2023-10-26 10:25
36,Coffee shop relaxation. â˜•,User36,650,300,2023-10-26 12:40
37,Sunny beach day. ğŸ–ï¸,User37,2850,850,2023-10-26 14:55
38,New gadget unboxing. ğŸ“±,User38,220,70,2023-10-26 17:10
39,Family movie night at home. ğŸ¥,User39,1250,680,2023-10-26 19:25
40,Gardening day in my backyard. ğŸŒ±,User40,780,350,2023-10-27 08:40
41,Morning yoga session. ğŸ§˜,User41,420,180,2023-10-27 10:55
42,Beautiful city skyline view. ğŸŒ†,User42,1950,750,2023-10-27 12:10
43,Attending a local art exhibition. ğŸ¨,User43,880,420,2023-10-27 14:25
44,Cooking up a storm in the kitchen. ğŸ½ï¸,User44,2200,1100,2023-10-27 16:40
45,Happy hour with colleagues. ğŸ¸,User45,3200,1600,2023-10-27 18:55
46,Nighttime stargazing. âœ¨,User46,750,320,2023-10-28 08:10
47,Weekend road trip adventures. ğŸš—,User47,3600,1400,2023-10-28 10:25
48,Enjoying a music festival. ğŸµ,User48,2500,1200,2023-10-28 12:40
49,Sunday morning at the farmers market. ğŸ‡,User49,430,180,2023-10-28 14:55
50,Home improvement project in progress. ğŸ¡,User50,1150,550,2023-10-28 17:10
